Customer_ID,Customer_Name,Age,Gender,Account_Number,Account_Type,Branch,Account_Balance,Transaction_Amount,Transaction_Type,Transaction_Date,Transaction_Amount_Category,Account_Balance_Status,Transaction_Indicator,High_Value_Transaction_Indicator,Transaction_to_Balance_Ratio
C003,Sanjay Iyer,63,Female,ACC100003,Savings,Trichy,147727.16,32396.28,Deposit,2026-07-14,High,High,Credit,Yes,0.22
C004,Ajay Rao,62,Female,ACC100004,Current,Madurai,39714.4,38292.8,Withdrawal,2026-01-27,High,Medium,Debit,Yes,0.96
C007,Priya Kumar,60,Male,ACC100007,Current,Chennai,213974.11,34672.7,Withdrawal,2026-03-13,High,High,Debit,Yes,0.16
C008,Anitha Devi,28,Female,ACC100008,Current,Coimbatore,167873.62,28102.63,Transfer,2026-06-15,High,High,Debit,Yes,0.17
C010,Sanjay Iyer,61,Female,ACC100010,Savings,Coimbatore,205628.85,32221.33,Withdrawal,2026-03-10,High,High,Debit,Yes,0.16
C011,Priya Iyer,54,Female,ACC100011,Savings,Trichy,99512.34,36590.45,Withdrawal,2026-02-06,High,High,Debit,Yes,0.37
C012,Rahul Rao,33,Female,ACC100012,Salary,Salem,107680.02,23382.96,Withdrawal,2026-02-26,High,High,Debit,Yes,0.22
C014,Nisha Sharma,42,Female,ACC100014,Salary,Trichy,132749.47,38846.03,Deposit,2026-06-24,High,High,Credit,Yes,0.29
C017,Nisha Iyer,27,Female,ACC100017,Savings,Salem,238421.44,36905.12,Deposit,2026-06-03,High,High,Credit,Yes,0.15
C020,Rahul Babu,73,Female,ACC100020,Savings,Salem,189061.03,27625.72,Transfer,2026-03-21,High,High,Debit,Yes,0.15
C022,Divya Krishnan,32,Male,ACC100022,Savings,Chennai,58006.5,36226.26,Withdrawal,2026-01-19,High,High,Debit,Yes,0.62
C023,Sanjay Iyer,35,Female,ACC100023,Savings,Salem,33945.65,37427.02,Transfer,2026-05-28,High,Medium,Debit,Yes,1.1
C024,Anitha Iyer,68,Female,ACC100024,Current,Coimbatore,24487.12,26393.41,Withdrawal,2026-04-19,High,Medium,Debit,Yes,1.08
C025,Vijay Singh,73,Male,ACC100025,Salary,Chennai,16092.56,29155.72,Deposit,2026-03-05,High,Medium,Credit,Yes,1.81
C027,Ajay Babu,24,Male,ACC100027,Salary,Salem,209170.87,38762.95,Deposit,2026-02-12,High,High,Credit,Yes,0.19
C030,Divya Kumar,55,Male,ACC100030,Salary,Madurai,15234.15,23408.69,Transfer,2026-08-24,High,Medium,Debit,Yes,1.54
C034,Karthik Raj,47,Female,ACC100034,Savings,Chennai,115113.1,39938.33,Deposit,2026-01-19,High,High,Credit,Yes,0.35
C035,Sanjay Iyer,50,Female,ACC100035,Savings,Madurai,220335.18,35182.88,Withdrawal,2026-03-14,High,High,Debit,Yes,0.16
C036,Karthik Singh,71,Female,ACC100036,Salary,Salem,2947.95,32702.45,Withdrawal,2026-08-27,High,Low,Debit,Yes,11.09
C037,Ravi Sharma,74,Male,ACC100037,Current,Chennai,222538.46,29722.43,Deposit,2026-03-11,High,High,Credit,Yes,0.13
C040,Deepa Singh,53,Female,ACC100040,Salary,Chennai,28856.6,37807.53,Transfer,2026-08-20,High,Medium,Debit,Yes,1.31
C043,Kavya Menon,57,Male,ACC100043,Savings,Coimbatore,244075.3,32449.79,Withdrawal,2026-01-07,High,High,Debit,Yes,0.13
C044,Karthik Devi,68,Female,ACC100044,Salary,Coimbatore,67434.62,31516.24,Deposit,2026-04-08,High,High,Credit,Yes,0.47
C048,Nisha Raj,20,Male,ACC100048,Salary,Trichy,87076.09,31478.48,Withdrawal,2026-06-05,High,High,Debit,Yes,0.36
C050,Deepa Iyer,41,Female,ACC100050,Savings,Madurai,156165.7,26569.16,Deposit,2026-07-04,High,High,Credit,Yes,0.17
C051,Suresh Raj,50,Female,ACC100051,Salary,Trichy,82219.54,27918.62,Transfer,2026-02-02,High,High,Debit,Yes,0.34
C056,Divya Singh,57,Male,ACC100056,Current,Trichy,221648.09,23069.27,Transfer,2026-06-28,High,High,Debit,Yes,0.1
C057,Vijay Singh,43,Male,ACC100057,Savings,Chennai,223272.3,34431.58,Deposit,2026-07-19,High,High,Credit,Yes,0.15
C058,Vijay Iyer,29,Female,ACC100058,Savings,Salem,63050.37,33948.62,Withdrawal,2026-02-04,High,High,Debit,Yes,0.54
C059,Ajay Singh,60,Female,ACC100059,Current,Salem,203936.62,35691.61,Withdrawal,2026-08-01,High,High,Debit,Yes,0.18
C060,Suresh Babu,46,Male,ACC100060,Salary,Trichy,113067.37,30095.89,Transfer,2026-03-12,High,High,Debit,Yes,0.27
C066,Ravi Menon,64,Male,ACC100066,Current,Coimbatore,245199.77,21411.53,Withdrawal,2026-06-01,High,High,Debit,Yes,0.09
C069,Sanjay Kumar,40,Male,ACC100069,Salary,Chennai,195527.03,26105.01,Deposit,2026-03-05,High,High,Credit,Yes,0.13
C071,Deepa Raj,67,Female,ACC100071,Savings,Salem,152204.63,29942.23,Deposit,2026-07-19,High,High,Credit,Yes,0.2
C072,Kavya Rao,37,Male,ACC100072,Salary,Chennai,232292.9,23074.29,Withdrawal,2026-04-12,High,High,Debit,Yes,0.1
C073,Deepa Iyer,22,Male,ACC100073,Savings,Madurai,212723.02,24056.42,Deposit,2026-07-23,High,High,Credit,Yes,0.11
C074,Nisha Kumar,40,Female,ACC100074,Salary,Madurai,18170.23,25936.98,Deposit,2026-08-06,High,Medium,Credit,Yes,1.43
C076,Ravi Raj,57,Female,ACC100076,Current,Trichy,206607.92,23739.74,Withdrawal,2026-08-07,High,High,Debit,Yes,0.11
C077,Divya Sharma,35,Female,ACC100077,Savings,Trichy,142892.56,26760.72,Withdrawal,2026-01-08,High,High,Debit,Yes,0.19
C079,Suresh Raj,53,Male,ACC100079,Salary,Coimbatore,22317.63,28830.98,Withdrawal,2026-05-23,High,Medium,Debit,Yes,1.29
C085,Sanjay Rao,35,Male,ACC100085,Savings,Salem,73742.02,37769.18,Transfer,2026-08-11,High,High,Debit,Yes,0.51
C087,Rahul Singh,25,Male,ACC100087,Current,Trichy,19446.46,25214.88,Deposit,2026-02-08,High,Medium,Credit,Yes,1.3
C089,Nisha Iyer,67,Female,ACC100089,Current,Trichy,75040.93,23582.15,Withdrawal,2026-03-20,High,High,Debit,Yes,0.31
C092,Rahul Raj,62,Female,ACC100092,Savings,Coimbatore,231053.85,31534.34,Transfer,2026-05-31,High,High,Debit,Yes,0.14
C093,Ravi Iyer,45,Male,ACC100093,Salary,Coimbatore,162261.05,36345.62,Deposit,2026-01-19,High,High,Credit,Yes,0.22
C095,Rahul Menon,35,Female,ACC100095,Current,Chennai,149911.13,35587.97,Transfer,2026-03-24,High,High,Debit,Yes,0.24
C097,Rahul Krishnan,20,Male,ACC100097,Current,Salem,163225.86,36651.3,Deposit,2026-05-30,High,High,Credit,Yes,0.22
C098,Vijay Singh,23,Female,ACC100098,Current,Trichy,83993.79,26838.33,Deposit,2026-03-26,High,High,Credit,Yes,0.32
C102,Suresh Singh,25,Male,ACC100102,Salary,Madurai,200029.12,28420.33,Withdrawal,2026-05-22,High,High,Debit,Yes,0.14
C105,Vijay Iyer,56,Male,ACC100105,Savings,Madurai,193396.11,34191.05,Withdrawal,2026-08-28,High,High,Debit,Yes,0.18
C106,Ajay Babu,35,Male,ACC100106,Current,Madurai,209531.5,23238.94,Transfer,2026-05-06,High,High,Debit,Yes,0.11
C107,Kavya Rao,46,Female,ACC100107,Current,Madurai,138427.44,21782.86,Withdrawal,2026-08-27,High,High,Debit,Yes,0.16
C108,Meena Iyer,62,Male,ACC100108,Salary,Trichy,59157.05,31044.22,Deposit,2026-03-23,High,High,Credit,Yes,0.52
C113,Ravi Raj,32,Male,ACC100113,Current,Chennai,190332.05,28185.24,Deposit,2026-04-24,High,High,Credit,Yes,0.15
C121,Ajay Devi,32,Male,ACC100121,Salary,Madurai,169763.35,28865.04,Transfer,2026-06-24,High,High,Debit,Yes,0.17
C124,Meena Babu,50,Female,ACC100124,Savings,Madurai,228598.19,37773.09,Withdrawal,2026-07-11,High,High,Debit,Yes,0.17
C125,Kavya Devi,69,Male,ACC100125,Current,Chennai,36048.5,38663.36,Transfer,2026-07-05,High,Medium,Debit,Yes,1.07
C126,Ravi Menon,72,Female,ACC100126,Savings,Trichy,4465.75,21509.24,Withdrawal,2026-04-05,High,Low,Debit,Yes,4.82
C130,Suresh Babu,26,Female,ACC100130,Current,Madurai,167951.07,29751.29,Transfer,2026-04-18,High,High,Debit,Yes,0.18
C131,Nisha Rao,74,Female,ACC100131,Salary,Chennai,208589.58,24664.52,Withdrawal,2026-01-09,High,High,Debit,Yes,0.12
C133,Sanjay Devi,21,Female,ACC100133,Current,Coimbatore,242083.51,37965.53,Withdrawal,2026-01-24,High,High,Debit,Yes,0.16
C135,Priya Babu,31,Male,ACC100135,Savings,Madurai,193817.78,31566.89,Transfer,2026-01-01,High,High,Debit,Yes,0.16
C144,Priya Sharma,23,Female,ACC100144,Savings,Madurai,203130.55,22299.19,Transfer,2026-05-24,High,High,Debit,Yes,0.11
C145,Sanjay Devi,60,Male,ACC100145,Current,Madurai,218528.24,37651.08,Withdrawal,2026-08-11,High,High,Debit,Yes,0.17
C147,Divya Sharma,40,Female,ACC100147,Savings,Madurai,143950.9,32308.13,Transfer,2026-07-16,High,High,Debit,Yes,0.22
